{
    "date": "1996-02-14",
    "sample_bank": "sfx_1",
    "envelopes": {
        "envelope0": [
            [2, 32700],
            [1, 32700],
            [32700, 29430],
            "hang"
        ]
    },
    "instruments": {
        "inst0": {
            "release_rate": 208,
            "envelope": "envelope0",
            "sound": "00_twirl"
        },
        "inst1": {
            "release_rate": 208,
            "envelope": "envelope0",
            "sound": "01_brushing"
        },
        "inst2": {
            "release_rate": 208,
            "envelope": "envelope0",
            "sound": "02_hand_touch"
        },
        "inst3": {
            "release_rate": 208,
            "envelope": "envelope0",
            "sound": "03_yoshi"
        },
        "inst4": {
            "release_rate": 208,
            "envelope": "envelope0",
            "sound": "04_plop"
        },
        "inst5": {
            "release_rate": 208,
            "envelope": "envelope0",
            "sound": "05_heavy_landing"
        }
    },
    "instrument_list": [
        "inst0",
        "inst1",
        "inst2",
        "inst3",
        "inst4",
        "inst5"
    ]
}
