{
    "date": "1996-02-14",
    "sample_bank": "sfx_9",
    "envelopes": {
        "envelope0": [
            [1, 0],
            [1, 32700],
            [1, 32700],
            [32700, 29430],
            ["goto", 2]
        ],
        "envelope1": [
            [1, 0],
            [1, 32700],
            [1, 32700],
            [32700, 19620],
            ["goto", 2]
        ],
        "envelope2": [
            [1, 0],
            [1, 10000],
            [30, 10000],
            [30, 32700],
            ["goto", 2]
        ]
    },
    "instruments": {
        "inst0": {
            "release_rate": 208,
            "normal_range_hi": 50,
            "envelope": "envelope0",
            "sound": "00",
            "sound_hi": "01"
        },
        "inst1": {
            "release_rate": 208,
            "envelope": "envelope1",
            "sound": "02"
        },
        "inst2": {
            "release_rate": 208,
            "envelope": "envelope2",
            "sound": "00"
        },
        "inst3": {
            "release_rate": 208,
            "envelope": "envelope0",
            "sound": "03"
        },
        "inst4": {
            "release_rate": 208,
            "envelope": "envelope0",
            "sound": "04_camera_buzz"
        },
        "inst5": {
            "release_rate": 208,
            "envelope": "envelope0",
            "sound": "05_camera_shutter"
        },
        "inst6": {
            "release_rate": 208,
            "envelope": "envelope0",
            "sound": "06"
        }
    },
    "instrument_list": [
        "inst0",
        "inst1",
        "inst2",
        "inst3",
        "inst4",
        "inst5",
        "inst6"
    ]
}
