{
    "date": "1996-03-19",
    "sample_bank": "instruments",
    "envelopes": {
        "envelope0": [
            [6, 32700],
            [1, 32700],
            [32700, 29430],
            "hang"
        ],
        "envelope1": [
            [6, 32700],
            [1, 32700],
            [32700, 29430],
            "hang"
        ],
        "envelope2": [
            [6, 32700],
            [1, 32700],
            [32700, 29430],
            "hang"
        ],
        "envelope3": [
            [2, 32700],
            [136, 0],
            [32700, 0],
            "hang"
        ],
        "envelope4": [
            [2, 32700],
            [1, 32700],
            [32700, 29430],
            "hang"
        ],
        "envelope5": [
            [6, 32700],
            [298, 0],
            [1, 0],
            "hang"
        ],
        "envelope6": [
            [3, 32700],
            [298, 0],
            [1, 0],
            "hang"
        ]
    },
    "instruments": {
        "inst0": {
            "release_rate": 15,
            "normal_range_lo": 27,
            "normal_range_hi": 46,
            "envelope": "envelope0",
            "sound_lo": "23_strings_1",
            "sound": "24_strings_2",
            "sound_hi": "25_strings_3"
        },
        "inst1": {
            "release_rate": 15,
            "normal_range_lo": 27,
            "normal_range_hi": 46,
            "envelope": "envelope1",
            "sound_lo": "23_strings_1",
            "sound": "24_strings_2",
            "sound_hi": "25_strings_3"
        },
        "inst2": {
            "release_rate": 15,
            "normal_range_lo": 27,
            "normal_range_hi": 46,
            "envelope": "envelope2",
            "sound_lo": "23_strings_1",
            "sound": "24_strings_2",
            "sound_hi": "25_strings_3"
        },
        "inst3": {
            "release_rate": 43,
            "normal_range_hi": 47,
            "envelope": "envelope3",
            "sound": "46_pizzicato_strings_1",
            "sound_hi": "47_pizzicato_strings_2"
        },
        "inst4": {
            "release_rate": 119,
            "envelope": "envelope4",
            "sound": "2D_trombone"
        },
        "inst5": {
            "release_rate": 10,
            "envelope": "envelope5",
            "sound": "26_crystal_rhodes"
        },
        "inst6": {
            "release_rate": 10,
            "envelope": "envelope6",
            "sound": "26_crystal_rhodes"
        }
    },
    "instrument_list": [
        "inst0",
        "inst1",
        "inst2",
        "inst3",
        "inst4",
        "inst5",
        "inst6"
    ]
}
